Cole Harms
26322018


Name,Overall Place,Grade,Time,Date,Meet,Comments,Photo
Cole Harms,2024,9,24:34.5PR,Awesome race! Let's look at where we can shave off a few more seconds.,,,
Cole Harms,168 ,,24:34.5PR,Sep 7,Bret Clements Bath Invitational (J.V.),,ColeHarms_BretClementsBathInvitational(J.V.)_.).jpg
Cole Harms,109 ,,24:38.0,Sep 10,SEC Jamboree #1 (Junior Varsity),Solid performance today! We'll fine-tune things in practice.,ColeHarms_SECJamboree#1(JuniorVarsity)_y).jpg
Cole Harms,321 ,,25:04.0,Sep 14,56th Holly-Duane Raffin Festival of Races (D1 JV Boys),,ColeHarms_56thHolly-DuaneRaffinFestivalofRaces(D1JVBoys)_s).jpg

