Emmett Strait
26322025


Name,Overall Place,Grade,Time,Date,Meet,Comments,Photo
Emmett Strait,2024,9,19:41.3PR,I blinked and missed the first half of your race! That was quick!,,,
Emmett Strait,40 ,,19:41.3PR,Sep 7,Bret Clements Bath Invitational (J.V.),"Your speed was impressive, but next time, try not to leave the spectators in the dust... literally!",EmmettStrait_BretClementsBathInvitational(J.V.)_.).jpg
Emmett Strait,28 ,,20:24.1,Sep 10,SEC Jamboree #1 (Junior Varsity),Way to stay focused during the race! Keep that mindset for the next one.,EmmettStrait_SECJamboree#1(JuniorVarsity)_y).jpg
Emmett Strait,95 ,,20:13.1,Sep 14,56th Holly-Duane Raffin Festival of Races (D1 JV Boys),Great run! If only we could bottle that energy for Monday mornings.,EmmettStrait_56thHolly-DuaneRaffinFestivalofRaces(D1JVBoys)_s).jpg

