Ethan Miller
23349703


Name,Overall Place,Grade,Time,Date,Meet,Comments,Photo
Ethan Miller,2024,9,21:25.1PR,"You fought hard all the way through, great resilience!",,,
Ethan Miller,86 ,,21:25.1PR,Sep 7,Bret Clements Bath Invitational (J.V.),,EthanMiller_BretClementsBathInvitational(J.V.)_.).jpg
Ethan Miller,78 ,,22:49.7,Sep 10,SEC Jamboree #1 (Junior Varsity),Great effort out there! Keep pushing yourself at the next meet.,EthanMiller_SECJamboree#1(JuniorVarsity)_y).jpg
Ethan Miller,211 ,,22:21.9,Sep 14,56th Holly-Duane Raffin Festival of Races (D1 JV Boys),"You fought hard all the way through, great resilience!",EthanMiller_56thHolly-DuaneRaffinFestivalofRaces(D1JVBoys)_s).jpg

