Jude Shafer
23349716


Name,Overall Place,Grade,Time,Date,Meet,Comments,Photo
Jude Shafer,2024,9,23:14.4PR,,,,
Jude Shafer,107 ,,24:29.0,Sep 10,SEC Jamboree #1 (Junior Varsity),Awesome race! Let's look at where we can shave off a few more seconds.,JudeShafer_SECJamboree#1(JuniorVarsity)_y).jpg
Jude Shafer,255 ,,23:14.4PR,Sep 14,56th Holly-Duane Raffin Festival of Races (D1 JV Boys),"That was a great race! Next time, try running *on* the path though.",JudeShafer_56thHolly-DuaneRaffinFestivalofRaces(D1JVBoys)_s).jpg

