Martin Gehrke
19203161


Name,Overall Place,Grade,Time,Date,Meet,Comments,Photo
Martin Gehrke,2024,9,17:58.8PR,Solid performance today! We'll fine-tune things in practice.,,,
Martin Gehrke,62 ,,18:42.7,Aug 29,37th Early Bird Open (HS Open 5K),Are you sure you're not part cheetah? That was fast!,MartinGehrke_37thEarlyBirdOpen(HSOpen5K)_K).jpg
Martin Gehrke,54 ,,18:17.8,Sep 7,Bret Clements Bath Invitational (Class 1),,MartinGehrke_BretClementsBathInvitational(Class1)_1).jpg
Martin Gehrke,59 ,,18:49.7,Sep 10,SEC Jamboree #1 (Varsity),"That was a great race! Next time, try running *on* the path though.",MartinGehrke_SECJamboree#1(Varsity)_y).jpg
Martin Gehrke,7 ,,17:58.8PR,Sep 14,56th Holly-Duane Raffin Festival of Races (D1 JV Boys),,MartinGehrke_56thHolly-DuaneRaffinFestivalofRaces(D1JVBoys)_s).jpg

