Sage O'Lor
26322021


Name,Overall Place,Grade,Time,Date,Meet,Comments,Photo
Sage O'Lor,2024,9,22:22.3PR,,,,
Sage O'Lor,248 ,,23:51.4,Aug 29,37th Early Bird Open (HS Open 5K),,SageO'Lor_37thEarlyBirdOpen(HSOpen5K)_K).jpg
Sage O'Lor,117 ,,22:22.3PR,Sep 7,Bret Clements Bath Invitational (J.V.),Fantastic run! Let's keep building on this for the next race.,SageO'Lor_BretClementsBathInvitational(J.V.)_.).jpg
Sage O'Lor,-- ,,,Sep 10,SEC Jamboree #1 (Junior Varsity),"I think you might've outrun the course map! Keep it up, and we’ll need GPS tracking.",SageO'Lor_SECJamboree#1(JuniorVarsity)_y).jpg

