LeAnne Fayyad
24802883


Name,Overall Place,Grade,Time,Date,Meet,Comments,Photo
LeAnne Fayyad,2024,10,27:55.5PR,,,,
LeAnne Fayyad,136 ,,27:55.5PR,Sep 7,Bret Clements Bath Invitational (J.V.),,LeAnneFayyad_BretClementsBathInvitational(J.V.)_.).jpg
LeAnne Fayyad,-- ,,,Sep 10,SEC Jamboree #1 (Junior Varsity),Super strong start! We'll work on keeping that energy the whole race.,LeAnneFayyad_SECJamboree#1(JuniorVarsity)_y).jpg
LeAnne Fayyad,160 ,,31:24.7,Sep 14,56th Holly-Duane Raffin Festival of Races (D1 JV Girls),Excellent job maintaining a steady pace!,LeAnneFayyad_56thHolly-DuaneRaffinFestivalofRaces(D1JVGirls)_s).jpg

